"factor","coef","HR","LB_2.5%","UB_97.5%","pval","test"
"Wol1",-5.12717655420647,0.00593328916662911,0.00149634509299168,0.0235266052595223,3e-13,"coxme"
