"factor","coef","HR","LB_2.5%","UB_97.5%","pval","test"
"WolVirus1",-0.108826855248372,0.896885695106014,0.517898156333814,1.55320875397617,0.7,"coxme"
