"factor","coef","HR","LB_2.5%","UB_97.5%","pval","test"
"WolVirus1",-0.178792468774959,0.836279435485057,0.61771730410717,1.13217371371204,0.25,"coxme"
